correlation,variance_explained
-0.050150157434111893,0.0025150382906662084